会社名,フリガナ,法人番号,許可番号,大臣知事区分,法人個人,郵便番号,所在地,代表者名,代表者フリガナ,資本金千円,Web,Instagram,経審ステータス,文化財入札,自社,比較対象外
有限会社豊工務店,,6130002004501,26-005677,京都府知事,法人,,京都府京都市北区北野上白梅町70,山本一博,,,,,倒産,有,,
株式会社竹田工務店,,8130001011117,,,,601-8033,京都府京都市南区東九条南石田町３２－１,,,,,,無,,,
株式会社魚津社寺工務店,ウオツシャジコウムテン,2180001018955,23-028070,愛知県知事許可,法人,454-0004,愛知県名古屋市中川区西日置２－１２－２０,魚津忠弘,ウオツタダヒロ,20000,,,有,,,
田中社寺株式会社,タナカシャジ,2200001003236,16-011567,岐阜県知事許可,法人,500-8483,岐阜市加納東丸町2丁目20番地,田中敬二,タカナケイジ,20000,,,有,,,
株式会社堤瓦商店,,2130001003383,26-002465,京都府知事,法人,,京都府京都市上京区猪熊通下立売下ル大黒町454-11,長谷川浩次,,20000,,,有,有,○,
株式会社北村誠工務店,,4130001004586,26-003068,京都府知事,法人,,京都市北区紫野南舟岡町45,北村隆一,,,,,有,有,,
有限会社竹村瓦商会,,1130002001024,26-005355,京都府知事,法人,,京都府京都市右京区花園寺ノ前町38,竹村登茂枝,,,,,有,有,,
株式会社寺本甚兵衛製瓦,,6130001015136,26-007802,京都府知事,法人,,京都府京都市伏見区深草瓦町20,寺本光男,,,,,有,有,,
株式会社瓦熊,,6130001029978,26-008451,京都府知事,法人,,京都府京都市伏見区羽束師菱川町671,佐藤修平,,,,,有,有,,
有限会社安達左官店,,2130002006591,26-008508,京都府知事,法人,,京都府京都市下京区花屋町通間之町西入天神町４１１－２,安達明宏,,,,,有,有,,
山本興業株式会社,,4130001007515,26-012434,京都府知事,法人,,京都府京都市左京区岩倉南池田町56,普照良彦,,,,,有,有,,
株式会社磯崎瓦店,,1130001002510,26-013103,京都府知事,法人,,京都府京都市上京区裏門通り出水上ル白銀町254,磯崎幸昌,,,,,有,有,,
岸田工業株式会社,,4130001016953,26-013378,京都府知事,法人,,京都府京都市山科区上花山久保町74-1,岸田信行,,,,,有,有,,
足立電気工業株式会社,アダチデンキコウギョウ,4130001009916,26-015487,京都府知事,法人,,京都市南区東九条西明田町34-21,徳丸正憲,トクマルマサノリ,10000,,,有,,,
有限会社宮川屋根工業,ミヤガワヤネコウギョウ,7130002017519,26-019518,京都府知事,法人,604-0985,京都府京都市中京区麩屋町竹屋町上ル舟屋町415,宮川義史,ミヤガワヨシフミ,20000,,,有,有,,
株式会社芳村石材店,ヨシムラセキザイテン,4130001004090,26-019549,京都府知事,法人,602-8043,京都市上京区東堀川通椹木町通上ル五丁目208番地,山田俊行,ヤマダトシユキ,10000,,,有,,,
株式会社材源,,6130001002992,26-022071,京都府知事,法人,602-8392,京都府京都市上京区御前通今出川上ル二丁目北町６４８－２,清水忠行,,,,,有,有,,
伸和建設株式会社,,8130001001035,26-024846,京都府知事,法人,,京都府京都市右京区西院上花田町２１,北尾行弘,,,http://www.sinwakensetu.co.jp,,有,有,,
田中瓦店,,,26-025240,京都府知事,個人,,京都府京都市東山区新門前通大和大路東入ル西之町233,田中巌,,,,,有,,,
丸岡組,,,26-025616,京都府知事,個人,,京都府八幡市八幡三反長３８－１,丸岡光弘,,,,,有,有,,
株式会社しっくい浅原,,1130001049155,26-026672,京都府知事,法人,,京都府京都市山科区大宅沢町１８５,浅原一郎,,,,,有,有,,
有限会社田代千治店,,1130002007426,26-028951,京都府知事,法人,,京都府京都市下京区猪熊通塩小路下る上夷町１６５,田代剛一,,,,,有,有,,
株式会社石寅,,4130001000180,26-029400,京都府知事,法人,,京都府京都市右京区嵯峨天竜寺瀬戸川町１－１０,佐藤嘉則,,,,,有,有,,
有限会社川面美術研究所,,6130002000450,26-029415,京都府知事,法人,,京都府京都市右京区鳴滝本町６９－２,荒木かおり,,,,,有,有,,
光本瓦店有限会社,,4130002018511,26-031652,京都府知事,法人,,京都府京都市北区大北山原谷乾町117-8,光本大助,,,,,有,,,
有限会社匠平安瓦,,4130002018759,26-033871,京都府知事,法人,,京都府京都市山科区東野舞台町95-11,東村俊之,,,,,有,,,
有限会社屋根惣,,2130002020857,26-034820,京都府知事,法人,,京都府京都市右京区花園寺ノ前町２６,杉本惣一,,,,,有,有,,
甍技塾徳舛瓦店有限会社,,3130002000180,26-035361,京都府知事,法人,,京都府京都市右京区嵯峨天龍寺車道町１０,徳舛 秀治,,,,,有,有,,
有限会社彩色設計,,1130002025733,26-035614,京都府知事,法人,,京都府京都市西京区桂木ノ下町２５－８,小野村勇人,,,,,有,有,,
株式会社左官匠宮部,,3130001050029,26-036029,京都府知事,法人,,京都府京都市北区平野宮西町９７,宮部友之,,,,,有,有,,
左司,,,26-037710,京都府知事,個人,,京都府京都市中京区東洞院通蛸薬師下る元竹田町６３９－１１,小林常司,,,,,有,有,,
株式会社林工業,ハヤシコウギョウ,9130001054362,26-038049,京都府知事,法人,612-8491,京都市伏見区久我石原町7-8,林文雄,ハヤシフミオ,5000,,,有,,,
株式会社安井杢工務店,,6130001042386,26-038261,京都府知事,法人,,京都府向日市上植野町馬立2番地4,安井洋,,,,,有,有,,
株式会社北嶋社寺瓦工業,キタジマシャジカワラコウギョウ,2130001046770,26-039058,京都府知事,法人,617-0837,京都府長岡京市久貝３丁目７番１０号,北嶋志信,,,,,有,,,
株式会社若林工芸舎,,6130001027437,26-039877,京都府知事,法人,,京都府京都市下京区七条通新町東入西境町１４８－５,新谷和義,,,,,有,有,,
株式会社松村工務店,,2130001044493,26-040630,京都府知事,法人,,京都府宇治市菟道森本８－１０,松村直杉,,,,,有,有,,
株式会社奥谷組,,9130001010209,26-040843,京都府知事,法人,,京都市南区吉祥院向田東町8,千田真由美,,,,,有,有,,
株式会社澤野工務店,,,26-015222,京都府知事,法人,605-0069,京都府京都市東山区三条通南二筋目白川筋西入唐戸鼻町５５５－１,澤野茂治,サワノシゲハル,10000,,,有,,,
株式会社渕上,,4130001005394,26-000347,京都府知事許可,法人,603-8457,京都府京都市北区大宮上ノ岸町６２,渕上一,,,,,有,有,,
田中昭義左官株式会社,タナカアキヨシサカン,6130001055198,26-042868,京都府知事許可,法人,616-0023,京都府京都市西京区嵐山宮ノ前町３５－４,田中昭義,タナカアキヨシ,5000,,,有,,,
植彌加藤造園株式会社,ウエヤカトウゾウエン,8130001006612,26-037828,京都府知事許可,法人,606-8425,京都府京都市左京区鹿ヶ谷西寺ノ前町４５,加藤友規,カトウトモキ,42600,,,有,,,
株式会社イスルギ,,4220001001137,00-001739,国土交通大臣許可,法人,,石川県金沢市神田1丁目31番1号,石動嘉信,,,https://k-isurugi.co.jp,,有,,,
株式会社山陽瓦,サンヨウカワラ,5260001013383,00-009134,国土交通大臣許可,法人,710-0803,岡山県倉敷市中島2360-20,石井二郎,イシイジロウ,60000,,,有,,,
株式会社矢納組,,2130001022929,00-015051,国土交通大臣許可,法人,,京都府京都市南区吉祥院砂ノ町２０－２,本屋敷一樹,,11000,,,有,有,,
株式会社さわの道玄,,7130001008246,00-020464,国土交通大臣許可,法人,,京都府京都市中京区錦小路通油小路東入空也町４９１,長屋進,,,,,有,有,,
株式会社HIRAYAMA,ヒラヤマ,3130001015485,00-022439,国土交通大臣許可,法人,612-0838,京都市伏見区深草神明講谷町29,平山英拡,ヒラヤマヒデヒロ,20000,,,有,,,○
株式会社小西美術工芸社,,3010401010321,00-025211,国土交通大臣許可,法人,,東京都港区芝4-4-5 三田KMビル3階,デービット　アトキンソン,,,,,有,,,
株式会社中島工務店,ナカシマコウムテン,7200001023873,00-015734,国土交通大臣許可,法人,508-0421,岐阜県中津川市加子母１００５,中島紀于,ナカシマノリオ,50000,,,有,,,
株式会社河村社寺工殿社,カワムラシャジコウデンシャ,1160001016879,25-010005,滋賀県知事許可,法人,5200113,滋賀県大津市坂本２－８－３３,河村雅史,,,,,有,有,,
株式会社建部,,9160001007276,25-070108,滋賀県知事許可,法人,,滋賀県長浜市西浅井町塩津浜1022,建部清晶,タテベキヨアキ,10000,,,有,,,
株式会社飛鳥工務店,アスカコウムテン,4080401014620,22-025589,静岡県知事許可,法人,,静岡県掛川市浜野2940-9,鈴木佑,スズキユウ,20000,,,有,,,
石野瓦工業株式会社,,9150001008449,29-000270,奈良県知事許可,法人,,奈良県天理市檜垣町４２１－１,石野 欣秀,,,,,有,,,
山本瓦工業株式会社,,4150001005236,29-000552,奈良県知事許可,法人,,奈良県生駒市谷田町362,山本健二,,,,,有,,,
株式会社石野瓦店,,9150001008449,29-005675,奈良県知事許可,法人,,奈良県天理市檜垣町７１２－１,石野 佳容子,,,,,有,,,
桐山瓦工業株式会社,,5150001000681,29-007527,奈良県知事許可,法人,,奈良県奈良市北之庄町６９９,桐山 弘一,,,,,有,,,
橋本瓦葺工業株式会社,,4150001001920,29-009074,奈良県知事許可,法人,,奈良県奈良市南永井町２２０－１,橋本 浩至,,,,,有,,,
株式会社匠社寺瓦工業,,7150001007403,29-011934,奈良県知事許可,法人,,奈良県天理市西井戸堂町４５８－１,横山　勝則,,,,,有,,,
株式会社友井社寺,,2140001041548,28-752052,兵庫県知事許可,法人,,兵庫県丹波市山南町阿草１３０２,友井辰哉,,,,,有,有,,
株式会社上宗建設,ウエソウケンセツ,4130001000255,26-001278,京都府知事,法人,616-8057,京都府京都市右京区花園木辻南町７－４０,榎原一廣,エバラカズヒロ,20000,,,有,,,
株式会社アラキ工務店,アラキコウムテン,,26-003409,京都府知事,法人,615-0906,京都府京都市右京区梅津高畝町５２－２,荒木　勇,アラキイサム,2000,,,有,,,
株式会社坪井利三郎商店,ツボイリサブロウショウテン,3180001038333,23-037053,愛知県知事許可,法人,460-0008,愛知県名古屋市中区栄５－２２－７,坪井進悟,ツボイシンゴ,30000,,https://www.risaburo.com,,,,
瓦滝工業株式会社,カワラタキコウギョウ,4180001092445,23-053760,愛知県知事許可,法人,474-0022,愛知県大府市若草町２－１３３,深谷康正,フカヤヤスマサ,10000,,,,,,
株式会社鶴弥,ツルヤ,2180001091861,23-043070,愛知県知事許可,法人,475-8528,愛知県半田市州の崎町２番地１２,鶴見哲,ツルミサトル,2144134,,,,,,
有限会社京北設備,ケイホクセツビ,6130002000582,26-001537,京都府知事,法人,,京都市右京区花園春日町7-3,一瀬隆也,イチセタカヤ,6000,,,,,,
株式会社ナカタ工業,ナカタコウギョウ,9130001003484,26-014747,京都府知事,法人,,京都市上京区東堀川通下立売下ル5-204,中田丈治,ナカタジョウジ,10000,,,,,,
株式会社浜橋工業,ハマハシコウギョウ,4130001015419,26-027454,京都府知事,法人,612-0847,京都市伏見区深草大亀谷大山町77-2,濱橋知子,ハマハシトモコ,10000,,,,,,
一般財団法人京都伝統建築技術協会,キョウトデントウケンチクギジュツキョウカイ,5130005002957,26-033414,京都府知事,法人,,京都市左京区下鴨森本町15　生産開発科学研究所内,日向進,ヒュウガススム,11300,,,,,,
山田板金,ヤマダバンキン,,26-038687,京都府知事,個人,,京都市右京区嵯峨野清水町25-21,山田明弘,ヤマダアキヒロ,0,,,,,,
株式会社匠和心傳庵,ショウワシンデンアン,9130001038761,26-039122,京都府知事,法人,610-0341,京都府京田辺市薪石ノ前２番地,木下幹久,キノシタミキヒサ,10000,,,,,,
株式会社 雨堤商店,アマヅツミショウテン,1120001159731,00-023364,国土交通大臣許可,法人,571-0025,大阪府門真市大字北島656番地の1,雨堤基,,,,,,,,
株式会社マツザワ瓦店,マツザワカワラテン,1180001045067,00-022877,国土交通大臣許可,法人,454-0021,愛知県名古屋市中川区横堀町３－３２,松澤孝宏,マツザワタカヒロ,29000,,,,,,
新東株式会社,シントウ,9180301015778,00-022938,国土交通大臣許可,法人,444-1314,愛知県高浜市論地町４－７－２,石川達也,イシカワタツヤ,412903,,,,,,
株式会社渡邊商店,ワタナベショウテン,5080001016900,22-034709,静岡県知事許可,法人,426-0011,静岡県藤枝市平島１４２,渡邊隆之,ワタナベタカシ,,,,,,,
有限会社山本製材,ヤマモトセイザイ,1220002011311,17-012537,石川県知事許可,法人,923-0321,石川県小松市白山田町口142,山本博之,ヤマモトヒロユキ,,,,,,,
アスカ工業株式会社,アスカコウギョウ,5010601030299,13-046577,東京都知事許可,法人,135-0004,東京都江東区森下4-13-10 アスカビル,山田全,,,,,,,,
有限会社戸田瓦工業,トダカワラコウギョウ,6010802010322,13-085604,東京都知事許可,法人,143-0015,東京都大田区大森西５－６－１４,鈴木寛治,スズキカンジ,6000,,,,,,
舟木工匠,,,29-016143,富山県知事許可,個人,,富山県射水市戸破1054,舟木聡史,,,,,,,,